Model,Mean CV R²,Mean CV RMSE,Mean antal variabler,Mean antal valda variabler
OLS current,-20.67967384236655,0.5156952464518014,6.0,
OLS lagged,-116.58718124794053,1.0475599562267315,18.0,
Elastic Net,-16.01257124419215,0.44607981309557093,18.0,7.818181818181818
